{
  "k": 20,
  "recommendations_file": "knn_recommendations_final.csv",
  "catalog_coverage_pct": 81.00558659217877,
  "personalization_distance_pct": 81.09295282421446,
  "intra_list_similarity_pct": 12.253852255461751,
  "avg_recommendation_popularity": null,
  "avg_similarity": 0.08260531307817189,
  "std_dev_similarity": 0.07043319497386366,
  "p25_similarity": 0.0470524516392052,
  "p50_similarity (median)": 0.0647245004328916,
  "p75_similarity": 0.088949573363425,
  "min_similarity": 0.0232220670685813,
  "max_similarity": 0.5716537025859832
}