{
  "k": 20,
  "recommendations_file": "knn_recommendations_unfiltered.csv",
  "catalog_coverage_pct": 86.03351955307262,
  "personalization_distance_pct": 77.25942182988447,
  "intra_list_similarity_pct": 12.19766138316219,
  "avg_recommendation_popularity": null,
  "avg_similarity": 0.08722872663489327,
  "std_dev_similarity": 0.08508419455214672,
  "p25_similarity": 0.0483433146677137,
  "p50_similarity (median)": 0.0661598438680325,
  "p75_similarity": 0.0923686305666184,
  "min_similarity": 0.0232220670685813,
  "max_similarity": 0.999999999
}