k,davies_bouldin,silhouette,calinski_harabasz,inertia
10,0.3291611001638676,0.36451912499543865,196.16482266842988,139361.68509767717
11,0.35445597765378395,0.39513343643295373,188.86108020731547,131045.37887638906
12,0.5071923385004923,0.4087732141266271,200.02056396088008,114217.68302965273
13,0.5699854475699015,0.4584334076876496,217.44965116551856,97720.07003557362
