mean,median,min,max,std,count
0.9996399957135489,0.9996800422668457,0.9983766078948975,1.0,0.00023890012694285638,84972
