product_id,similarity,product_title
gid://shopify/Product/9589240103253,0.015753462843543876,BIQUÍNI IPANEMA S1
gid://shopify/Product/9589240332629,0.015753462813714446,BIQUÍNI IPANEMA S2
gid://shopify/Product/9503593300309,0.01575284191623252,BIQUÍNI NITERÓI S2
gid://shopify/Product/9572593369429,0.015752663950231238,BIQUÍNI NITERÓI S1
gid://shopify/Product/9586075894101,0.015751427343552355,BIQUÍNI BENISSA S3
gid://shopify/Product/9586078450005,0.0157514272355167,BIQUÍNI BENISSA S5
gid://shopify/Product/9589237383509,0.015751059659322206,BIQUÍNI ARPOADOR S1
gid://shopify/Product/9589237875029,0.01575105960454473,BIQUÍNI ARPOADOR S2
gid://shopify/Product/9589239087445,0.015748282290304207,BIQUÍNI VIDIGAL S1
