{
  "metafield_data": 2.2410489767274853,
  "collections": 0.1957091134955326,
  "tags": 9.530872324999033,
  "product_type": 0.1356327999867111,
  "vendor": 4.742835307423857,
  "variant_size": 0.297673390340889,
  "variant_color": 0.1429587416878325,
  "variant_other": 0.21677489373564263,
  "numerical": 6.000241068938967,
  "time_features": 0.15174558630312593,
  "release_quarter": 8.783984914123613,
  "seasons": 1.5059367592874695
}