{
  "metafield_data": 2.160332975735178,
  "collections": 0.8989912179504448,
  "tags": 4.536282792880327,
  "product_type": 0.1810688457194397,
  "vendor": 8.603462297126695,
  "variant_size": 0.8554019480956209,
  "variant_color": 2.7673603843910892,
  "variant_other": 0.5822019969806326,
  "numerical": 9.310210491254292,
  "time_features": 0.2145975311596638,
  "release_quarter": 3.012534635880085,
  "seasons": 9.850241161964018
}