{
  "k": 20,
  "recommendations_file": "knn_recommendations_unfiltered.csv",
  "catalog_coverage_pct": 85.67335243553008,
  "personalization_distance_pct": 93.11333413997617,
  "intra_list_similarity_pct": 22.365265639569227,
  "avg_recommendation_popularity": null,
  "avg_similarity": 0.21297642179102932,
  "std_dev_similarity": 0.13250612817534047,
  "p25_similarity": 0.12526809433214614,
  "p50_similarity (median)": 0.1693803406951607,
  "p75_similarity": 0.2907079114550271,
  "min_similarity": 0.010583652546109,
  "max_similarity": 0.999999999
}