{
  "description_tfidf": 0.2674201170794507,
  "title_tfidf": 0.8556799742310328,
  "handle_tfidf": 0.6302668986761897,
  "metafield_data": 0.7332770779801204,
  "collections": 0.8475836020413222,
  "tags": 0.33105563509323954,
  "product_type": 1.8533528022185621,
  "vendor": 3.8813167538549354,
  "time_features": 0.596939404732519,
  "release_quarter": 0.5491850923466861
}